Series Name,Series Code,Country Name,Country Code,1990 [YR1990],2000 [YR2000],2010 [YR2010],2011 [YR2011],2012 [YR2012],2013 [YR2013],2014 [YR2014],2015 [YR2015],2016 [YR2016],2017 [YR2017],2018 [YR2018],2019 [YR2019]
"Inflation, consumer prices (annual %)",FP.CPI.TOTL.ZG,Afghanistan,AFG,..,..,2.1785375238942,11.8041858089129,6.44121280934118,7.38577178397857,4.67399603536339,-0.661709164713696,4.38389195513914,4.9759515055383,0.626149149168811,2.30237251516844
"Inflation, consumer prices (annual %)",FP.CPI.TOTL.ZG,Albania,ALB,..,0.0500181363468265,3.62233541062328,3.42912324722163,2.03159593996543,1.93761754903872,1.62586504402605,1.89617402592348,1.27543168367409,1.98666133171194,2.02805963071135,1.41109078954244
"Inflation, consumer prices (annual %)",FP.CPI.TOTL.ZG,Algeria,DZA,16.6525343885433,0.339163189071755,3.91106195534027,4.52421150505276,8.89145091062314,3.25423910998847,2.91692692067457,4.78444700693894,6.39769480268749,5.59111590961673,4.26999020467078,1.95176821052894
"Inflation, consumer prices (annual %)",FP.CPI.TOTL.ZG,American Samoa,ASM,..,..,..,..,..,..,..,..,..,..,..,..
"Inflation, consumer prices (annual %)",FP.CPI.TOTL.ZG,Andorra,AND,..,..,..,..,..,..,..,..,..,..,..,..
"Inflation, consumer prices (annual %)",FP.CPI.TOTL.ZG,Angola,AGO,..,..,-60.4964005912918,13.482467921851,10.2779049218844,8.77781429332602,7.28038730361085,-21.5316935224401,32.377734069638,31.6916861406483,20.1903737898383,17.1453199427872
"Inflation, consumer prices (annual %)",FP.CPI.TOTL.ZG,Antigua and Barbuda,ATG,..,0.771779796900182,3.3700254022015,3.45674967234602,3.37688044338876,1.05949782356168,1.0894415743536,0.968993458825599,-0.489437796230513,2.43248789041366,1.20715793367003,..
"Inflation, consumer prices (annual %)",FP.CPI.TOTL.ZG,Argentina,ARG,..,..,..,..,..,..,..,..,..,..,34.2772237131008,53.5483043492342
"Inflation, consumer prices (annual %)",FP.CPI.TOTL.ZG,Armenia,ARM,..,-0.790883768934766,8.17636138473956,7.6500080785929,2.55802007757907,5.78966778544654,2.98130868933673,3.73169119261695,-1.40360755900906,0.969553268816231,2.52023382001631,1.44344660770702
"Inflation, consumer prices (annual %)",FP.CPI.TOTL.ZG,Aruba,ABW,5.83668775158168,4.04402131190514,2.07814071860782,4.31629742195207,0.627471992893334,-2.37206524252253,0.42144091888116,0.474763597342612,-0.931195987079616,-1.02828178762002,3.62604141352956,4.25746204335428
"Inflation, consumer prices (annual %)",FP.CPI.TOTL.ZG,Australia,AUS,7.33302195235869,4.45743514797225,2.91834002677376,3.30385015608744,1.76278015613193,2.44988864142539,2.48792270531403,1.50836672165921,1.27699094497328,1.94864740944522,1.91140094445692,1.61076787290379
"Inflation, consumer prices (annual %)",FP.CPI.TOTL.ZG,Austria,AUT,3.26187312306823,2.34486455542566,1.81353628033681,3.28658197365512,2.48567352860068,2.00015891157196,1.60580414549751,0.896565315628228,0.891592367302732,2.08126858275521,1.99838187702266,1.53089553422702
"Inflation, consumer prices (annual %)",FP.CPI.TOTL.ZG,Azerbaijan,AZE,..,1.80500303704356,5.73238742950904,7.8523837676544,1.06810301380606,2.41886988429669,1.38972635776452,4.00943826686826,12.4494955236962,12.9399841146895,2.26351685730081,2.60833956534685
"Inflation, consumer prices (annual %)",FP.CPI.TOTL.ZG,"Bahamas, The",BHS,4.66931912018676,1.6063294174058,1.34402738392836,3.19878141660321,1.97336755976255,1.03467035109885,47.775962542527,-30.2431602281729,-0.330038395555927,1.49992623313609,2.26751510061695,2.49123527368055
"Inflation, consumer prices (annual %)",FP.CPI.TOTL.ZG,Bahrain,BHR,0.929335437489111,-0.704852953090751,1.96188468334624,-0.401486988847566,2.75828605553897,3.30100613853474,2.64629146477823,1.83951987503599,2.80059469750482,1.3873437602251,2.08481249596594,..
"Inflation, consumer prices (annual %)",FP.CPI.TOTL.ZG,Bangladesh,BGD,6.12671846981463,2.20825620937534,8.12667639169919,11.3951651552399,6.21750422069283,7.53040640913171,6.99163889220854,6.19428022984988,5.5135257269299,5.70207015717245,5.5436213948647,5.59199639930633
"Inflation, consumer prices (annual %)",FP.CPI.TOTL.ZG,Barbados,BRB,3.07457271078019,2.43581303489138,5.82421853311865,9.43220240177216,4.53334753888771,1.81410436049101,1.76950322089726,-1.11278992510961,1.28192813061894,4.66018463955997,3.67381410406798,4.10028964518463
"Inflation, consumer prices (annual %)",FP.CPI.TOTL.ZG,Belarus,BLR,..,168.620235850933,7.73574804312507,53.2286983118173,59.2197360232519,18.3122610377873,18.1195543526734,13.5344897649734,11.8365807653497,6.03183725177789,4.87230220550687,5.59815595039853
"Inflation, consumer prices (annual %)",FP.CPI.TOTL.ZG,Belgium,BEL,3.44831217961809,2.54451776190906,2.18929920422458,3.53208210722744,2.83966343445897,1.11309594027537,0.340002833356965,0.561429152790106,1.97385264653172,2.12597086002609,2.05316499865181,1.43681956996435
"Inflation, consumer prices (annual %)",FP.CPI.TOTL.ZG,Belize,BLZ,..,..,..,..,..,..,..,..,..,..,..,..
"Inflation, consumer prices (annual %)",FP.CPI.TOTL.ZG,Benin,BEN,..,4.16540442290282,2.20783532536522,2.70423907747279,6.74468253340715,0.428888888888863,-0.548757550948147,0.218785923536177,-0.794050173906725,1.76941247391975,0.848806254600014,-0.915681572864915
"Inflation, consumer prices (annual %)",FP.CPI.TOTL.ZG,Bermuda,BMU,..,..,..,..,..,..,..,..,..,..,..,..
"Inflation, consumer prices (annual %)",FP.CPI.TOTL.ZG,Bhutan,BTN,10,4.01099373013836,7.03638316073019,8.84898569946802,10.919656944683,7.00666666666705,8.27106093949327,4.54814395082202,3.21988689395718,4.9550836698513,2.72396386183716,2.72582104307304
"Inflation, consumer prices (annual %)",FP.CPI.TOTL.ZG,Bolivia,BOL,17.118774604824,4.60822998872598,2.5032760584424,9.88446419823887,4.51560291399368,5.73640023719613,5.7666007457914,4.05961041135646,3.62321431764138,2.8227580554717,2.27205987230148,1.83954504969032
"Inflation, consumer prices (annual %)",FP.CPI.TOTL.ZG,Bosnia and Herzegovina,BIH,..,..,1.99621236745889,3.67124999999999,2.0526745200172,-0.093045683831828,-0.897194054194286,-1.03602303425476,-1.58409999999997,0.810133321953047,1.41710814018026,0.562782154061303
"Inflation, consumer prices (annual %)",FP.CPI.TOTL.ZG,Botswana,BWA,11.3963461199557,8.6014851485149,6.94887658743105,8.45987233408587,7.53690261091916,5.8846070705681,4.40225309243433,3.06203169580559,2.81495791361944,3.30828076768219,3.2380155894771,2.7728644286333
"Inflation, consumer prices (annual %)",FP.CPI.TOTL.ZG,Brazil,BRA,2947.73277248299,7.04414105947266,5.03872690108066,6.63644962213085,5.40349914037009,6.204310666401,6.32904015516142,9.02990102416129,8.73914352329393,3.44637335032672,3.66485028376724,3.73297621216894
"Inflation, consumer prices (annual %)",FP.CPI.TOTL.ZG,British Virgin Islands,VGB,..,..,..,..,..,..,..,..,..,..,..,..
"Inflation, consumer prices (annual %)",FP.CPI.TOTL.ZG,Brunei Darussalam,BRN,2.13866293163794,1.55815247634947,0.356869132017602,0.137911563169595,0.111766261400274,0.389205053123613,-0.207108731719878,-0.488347420743486,-0.278693265753062,-1.26050564628963,1.02505179290213,-0.390522069165492
"Inflation, consumer prices (annual %)",FP.CPI.TOTL.ZG,Bulgaria,BGR,23.8000000000003,10.3162621289989,2.43899060504117,4.21990346601875,2.95456829831017,0.890093540913032,-1.41818380264842,-0.104633261008417,-0.798749090253956,2.06435506312528,2.81186840582685,3.10372944796774
"Inflation, consumer prices (annual %)",FP.CPI.TOTL.ZG,Burkina Faso,BFA,-0.50430338891893,-0.304212168486795,-0.764230734676734,2.7597672485453,3.81815240252386,0.533738507090537,-0.258089517535353,0.724838981070599,0.441041448058759,1.48299897161327,1.95594302672532,-3.23338933983321
"Inflation, consumer prices (annual %)",FP.CPI.TOTL.ZG,Burundi,BDI,7.00216956651126,24.4320242102151,6.49326591473996,9.59216605979671,18.1610453065451,7.93795807492412,4.4053523418529,5.54468891259786,5.55768961400965,16.0525353030392,-2.8146980766847,-0.686772170797229
"Inflation, consumer prices (annual %)",FP.CPI.TOTL.ZG,Cabo Verde,CPV,10.6535057862491,-2.47745668519833,2.07866470906422,4.47388342165027,2.54039644167111,1.50654285701402,-0.238778144990616,0.131187999024475,-1.40781637091703,0.784415251101353,1.25699566690509,1.10666656494144
"Inflation, consumer prices (annual %)",FP.CPI.TOTL.ZG,Cambodia,KHM,..,-0.791992529473561,3.99623007954198,5.47858730411899,2.93272461820122,2.94260015985048,3.85523855347909,1.22127006080706,3.04541464017088,2.8909246921058,2.45796490023179,..
"Inflation, consumer prices (annual %)",FP.CPI.TOTL.ZG,Cameroon,CMR,1.09938128383606,1.22719012976135,1.27538046242341,2.93969946305094,2.73529677529537,2.05034718001742,1.85489850366776,2.67623531419902,0.874190383288843,0.640409149881981,1.06885811312916,2.45280214062733
"Inflation, consumer prices (annual %)",FP.CPI.TOTL.ZG,Canada,CAN,4.78047693336305,2.71943995691972,1.77687154092629,2.91213508872355,1.51567823124521,0.93829189781521,1.90663590717873,1.12524136094279,1.4287595470108,1.5968841285297,2.268225672481,1.94926902411596
"Inflation, consumer prices (annual %)",FP.CPI.TOTL.ZG,Cayman Islands,CYM,..,..,0.276140861750087,1.32543575779667,1.18894845245606,2.16061146813395,1.27397911533384,-2.34752770165614,-0.625258358618114,..,..,..
"Inflation, consumer prices (annual %)",FP.CPI.TOTL.ZG,Central African Republic,CAF,..,..,..,..,..,..,..,..,..,..,..,..
"Inflation, consumer prices (annual %)",FP.CPI.TOTL.ZG,Chad,TCD,-0.738282265310936,3.82260088086308,-2.07786574641867,2.02924053678257,7.51662364663835,0.222671564624589,1.68197313925659,4.3771266506566,-0.792440525236028,-1.53709962980847,4.27462198610544,-0.971939175419353
"Inflation, consumer prices (annual %)",FP.CPI.TOTL.ZG,Channel Islands,CHI,..,..,..,..,..,..,..,..,..,..,..,..
"Inflation, consumer prices (annual %)",FP.CPI.TOTL.ZG,Chile,CHL,26.0364811362365,3.8432729570657,1.41071107954318,3.34121694259299,3.00744840213049,1.78955553984587,4.71867527854671,4.3487735321705,3.78619355893115,2.18271846868523,2.43488981353058,2.55754475703323
"Inflation, consumer prices (annual %)",FP.CPI.TOTL.ZG,China,CHN,3.05229012075233,0.347806256807194,3.17532798075574,5.55389705904324,2.61952616488542,2.62104902701091,1.92164341593894,1.4370245139476,2.00000000000002,1.59313725490194,2.07478890229193,2.89923579925941
"Inflation, consumer prices (annual %)",FP.CPI.TOTL.ZG,Colombia,COL,29.137822529893,9.22257080235504,2.27118326422564,3.41758959146978,3.16732560328694,2.01809847891195,2.89781874427855,4.99023427513779,7.51429322788323,4.3121410323773,3.24023413752975,3.52549273618952
"Inflation, consumer prices (annual %)",FP.CPI.TOTL.ZG,Comoros,COM,..,..,3.35475770328918,1.84266300756184,6.31474450315182,-4.29487331536753,..,..,..,..,..,..
"Inflation, consumer prices (annual %)",FP.CPI.TOTL.ZG,"Congo, Dem. Rep.",COD,81.295404814004,513.906843747536,7.10000000000038,15.316515913949,9.72182806273363,0.80822310148707,1.24303889760763,0.744198994781499,2.88585107290009,..,..,..
"Inflation, consumer prices (annual %)",FP.CPI.TOTL.ZG,"Congo, Rep.",COG,2.88905374216947,-0.881991517025449,0.39152501122766,1.75958704273802,5.01018773134464,4.63161619729463,0.912139545450186,3.16909796750824,3.19056179723775,0.450063823285575,1.15277896375521,2.20607305781522
"Inflation, consumer prices (annual %)",FP.CPI.TOTL.ZG,Costa Rica,CRI,19.0461359872026,10.9622816532861,5.66269139610999,4.87814554580439,4.49537813903413,5.23124134422955,4.51938080910455,0.801946649022548,-0.0175517571084819,1.62570748472773,2.22121531302887,2.09620256592949
"Inflation, consumer prices (annual %)",FP.CPI.TOTL.ZG,Cote d'Ivoire,CIV,-0.805879698277997,2.53077516737993,1.2264561213548,4.91243395052462,1.30451119915595,2.5811703725294,0.44868207676614,1.25149954781474,0.723178457513252,0.685881065304644,0.359409031380664,-1.10686343994202
"Inflation, consumer prices (annual %)",FP.CPI.TOTL.ZG,Croatia,HRV,500,4.611315547378,1.03055505333573,2.27272727272727,3.41207349081366,2.2165820642978,-0.215196159576215,-0.464499004645002,-1.12500000000001,1.12937210282344,1.50012501041753,0.771820346498083
"Inflation, consumer prices (annual %)",FP.CPI.TOTL.ZG,Cuba,CUB,..,..,..,..,..,..,..,..,..,..,..,..
"Inflation, consumer prices (annual %)",FP.CPI.TOTL.ZG,Curacao,CUW,..,..,2.77944261312558,2.33253152562139,3.18398746349455,1.33232086152148,1.49873969616456,-0.476542049801981,-0.0472079848934612,1.58558801700291,2.58368756641871,2.62220783425056
"Inflation, consumer prices (annual %)",FP.CPI.TOTL.ZG,Cyprus,CYP,4.5020546289584,4.14165764702056,2.43004084102253,3.28944939564212,2.38905410042319,-0.399357676464408,-1.35498885446312,-2.09699769053118,-1.42916666666668,0.5317664961745,1.43549119531762,0.250370996758456
"Inflation, consumer prices (annual %)",FP.CPI.TOTL.ZG,Czech Republic,CZE,..,3.77538829151733,1.47272727272729,1.91721913635547,3.28762306610408,1.43829787234043,0.343988589646784,0.309364548494974,0.683504209385683,2.45053398460138,2.14949494949492,2.84787595918047
"Inflation, consumer prices (annual %)",FP.CPI.TOTL.ZG,Denmark,DNK,2.64160306382,2.90328203236457,2.31092436974789,2.75868226051246,2.39791485664639,0.789071780078061,0.564020540449518,0.452034153691623,0.249999999999997,1.14713216957606,0.813609467455633,0.758131572511619
"Inflation, consumer prices (annual %)",FP.CPI.TOTL.ZG,Djibouti,DJI,..,..,3.95007875923886,5.06871394777984,3.73120950756887,2.70603242872186,1.34186494340156,-0.847389733971994,2.73841208738761,0.568112117084679,0.147970849877116,3.31925372703833
"Inflation, consumer prices (annual %)",FP.CPI.TOTL.ZG,Dominica,DMA,3.1909232322682,0.856946805358478,2.99936630549001,1.13123136526474,1.35677147808864,-0.0464116468806453,0.799250372687513,-0.843826984638296,0.141816225732303,0.296252889279557,0.989191119189815,..
"Inflation, consumer prices (annual %)",FP.CPI.TOTL.ZG,Dominican Republic,DOM,50.4624792378524,7.72413566181618,6.32993220146149,8.45936288574802,3.69454945767187,4.83095096740802,2.99864226125217,0.836746346724576,1.6141660724522,3.27955694678548,3.56443426013508,1.8106037704296
"Inflation, consumer prices (annual %)",FP.CPI.TOTL.ZG,Ecuador,ECU,48.5191129964557,96.0941136930836,3.55437734567846,4.47453265795836,5.1017218095867,2.72177577710365,3.58922016616669,3.96664623255354,1.72826463324535,0.417335588666803,-0.224103246005465,0.266012515466136
"Inflation, consumer prices (annual %)",FP.CPI.TOTL.ZG,"Egypt, Arab Rep.",EGY,16.7563747077691,2.68380535348548,11.2651882653186,10.0649259874818,7.11172943343078,9.4697198106492,10.0702154687482,10.370490343517,13.8136062148289,29.5066083940039,14.4014657807421,..
"Inflation, consumer prices (annual %)",FP.CPI.TOTL.ZG,El Salvador,SLV,23.9991651130861,2.27128756828722,1.17933576873676,5.12892376681616,1.72973481581381,0.7576691845229,1.1413446753823,-0.731384487387986,0.604049086996682,1.01235403315573,1.09033000581896,0.0753241350024327
"Inflation, consumer prices (annual %)",FP.CPI.TOTL.ZG,Equatorial Guinea,GNQ,0.85787155112476,4.80228886901399,7.78916547991181,4.80538922155687,3.6566204827882,2.94887694639657,4.30999866149112,1.67663085315985,1.41193915479014,0.745599218497516,1.34988438751676,1.23869860205109
"Inflation, consumer prices (annual %)",FP.CPI.TOTL.ZG,Eritrea,ERI,..,..,..,..,..,..,..,..,..,..,..,..
"Inflation, consumer prices (annual %)",FP.CPI.TOTL.ZG,Estonia,EST,..,4.0184895250876,2.97204512015696,4.9819013145361,3.93339987296979,2.78056658954996,-0.106175146521716,-0.492326006547338,0.148684907627356,3.41723549488057,3.43632688420445,2.27725931243518
"Inflation, consumer prices (annual %)",FP.CPI.TOTL.ZG,Eswatini,SWZ,13.092289912498,12.2085358545844,4.50923691774371,6.10742714590246,8.93960918520306,5.62091576250522,5.68022992783258,4.95235614857309,7.84727459085686,6.22149622748528,4.81494233775261,..
"Inflation, consumer prices (annual %)",FP.CPI.TOTL.ZG,Ethiopia,ETH,..,..,-27.787372534348,32.0147888188888,23.3785823575323,7.46402192944522,6.89001951597195,9.56889955968616,6.62813337230923,10.687115028424,13.8330356586661,15.8096321719347
"Inflation, consumer prices (annual %)",FP.CPI.TOTL.ZG,Faroe Islands,FRO,..,..,..,..,..,..,..,..,..,..,..,..
"Inflation, consumer prices (annual %)",FP.CPI.TOTL.ZG,Fiji,FJI,8.19137132040974,1.09216459977388,3.68901229670766,7.27811782708491,3.4233752340198,2.91354193604,0.519306474579103,1.37488542621447,3.86322538221274,3.34757834757835,4.08147637644538,1.7731018246027
"Inflation, consumer prices (annual %)",FP.CPI.TOTL.ZG,Finland,FIN,6.14956531179854,3.04210080667796,1.1841352315465,3.41680754255211,2.80833622561575,1.47828615688804,1.04119621178439,-0.207928839905218,0.356684500891696,0.754015047084413,1.08382098409299,1.02409392963429
"Inflation, consumer prices (annual %)",FP.CPI.TOTL.ZG,France,FRA,3.19428338029481,1.6759598872093,1.53112270420924,2.11159795174997,1.95419531613507,0.863715497861826,0.507758822937957,0.0375143805125363,0.183334861123848,1.03228275064674,1.85081508315494,1.10825492288292
"Inflation, consumer prices (annual %)",FP.CPI.TOTL.ZG,French Polynesia,PYF,..,..,..,..,..,..,..,..,..,..,..,..
"Inflation, consumer prices (annual %)",FP.CPI.TOTL.ZG,Gabon,GAB,7.72532188841208,0.504920025834855,1.46154402720468,1.2633170783742,2.65241828695619,0.50544105891569,4.69045751826283,-0.338795188753357,2.1067071278405,2.65192583143898,4.74906652083221,2.46456756151187
"Inflation, consumer prices (annual %)",FP.CPI.TOTL.ZG,"Gambia, The",GMB,12.1677841130696,0.844969566773716,5.04968075857404,4.79588266183113,4.25432199813898,5.69912989637381,5.94799935696621,6.80845494579614,7.22879272057922,8.0341897454591,6.52096823946572,7.11567625631189
"Inflation, consumer prices (annual %)",FP.CPI.TOTL.ZG,Georgia,GEO,..,4.06396201382596,7.11017897486098,8.54293333333334,-0.943658853270966,-0.512058410947118,3.06881210379542,4.00357820695098,2.13492713939124,6.03531725272117,2.61524471397664,4.85289821696731
"Inflation, consumer prices (annual %)",FP.CPI.TOTL.ZG,Germany,DEU,2.69647137791463,1.44026818676794,1.10380916115812,2.07517452479837,2.0084909216701,1.5047209800535,0.906797948515676,0.51442053951781,0.49174862477081,1.50949655801608,1.73216766075662,1.4456670146976
"Inflation, consumer prices (annual %)",FP.CPI.TOTL.ZG,Ghana,GHA,37.2590664855671,25.1932193743247,10.7075681218711,8.72683683123392,7.12635005995042,11.6661923071728,15.4896160333319,17.1499695007877,17.4546347070867,12.3719215507048,7.80876516610708,7.17592284708857
"Inflation, consumer prices (annual %)",FP.CPI.TOTL.ZG,Gibraltar,GIB,..,..,..,..,..,..,..,..,..,..,..,..
"Inflation, consumer prices (annual %)",FP.CPI.TOTL.ZG,Greece,GRC,20.4334996445056,3.15118062995734,4.71297286203605,3.3298640617472,1.50152796054581,-0.922168807001954,-1.31121050132494,-1.7360367959808,-0.825651781826954,1.1212354772079,0.625629147213626,0.252978044454509
"Inflation, consumer prices (annual %)",FP.CPI.TOTL.ZG,Greenland,GRL,..,..,..,..,..,..,..,..,..,..,..,..
"Inflation, consumer prices (annual %)",FP.CPI.TOTL.ZG,Grenada,GRD,2.72423736530524,2.18181818181818,3.43650905943355,3.03347280334727,2.41077704021867,-0.0439997864828037,-0.98360305555493,-0.515448031435387,1.65038994431577,0.908458255874211,0.804102313277037,..
"Inflation, consumer prices (annual %)",FP.CPI.TOTL.ZG,Guam,GUM,..,..,..,..,..,..,..,..,..,..,..,..
"Inflation, consumer prices (annual %)",FP.CPI.TOTL.ZG,Guatemala,GTM,41.2218671380973,5.9775773473714,3.85950909833169,6.21412393067094,3.78180754679685,4.34337131279513,3.41836169662962,2.38872032839552,4.44844199942824,4.42453655182543,3.75186186704512,3.69998398008601
"Inflation, consumer prices (annual %)",FP.CPI.TOTL.ZG,Guinea,GIN,..,..,15.4619810737553,21.3504664236733,15.225101393202,11.8878956127303,7.07093309465205,10.8218083471633,8.17211696321603,8.91452597036354,9.82600180777342,9.47069716402043
"Inflation, consumer prices (annual %)",FP.CPI.TOTL.ZG,Guinea-Bissau,GNB,33.0019778318025,8.63632094930281,2.51785140171702,5.04610226320202,2.13054580274497,1.20712555668413,-1.50924460570504,..,..,..,..,..
"Inflation, consumer prices (annual %)",FP.CPI.TOTL.ZG,Guyana,GUY,..,6.1485433302487,3.73337757704245,4.97773563706971,2.39193521312329,1.90125181860585,0.852630497539925,-1.00173432776379,0.836008061506297,1.90465615515582,1.28284288443518,2.0872308916202
"Inflation, consumer prices (annual %)",FP.CPI.TOTL.ZG,Haiti,HTI,21.2760320067832,9.33322197565604,4.82734190074673,6.33279483849046,5.01804155429241,4.76502404779137,3.43816659958603,6.73184069659,11.5029073942667,10.6800887242583,12.4814111170435,..
"Inflation, consumer prices (annual %)",FP.CPI.TOTL.ZG,Honduras,HND,23.3225664366467,11.0480349344976,4.69889064976229,6.76227957314765,5.19618615531848,5.1618989858149,6.12924930313027,3.15783117980921,2.72461223295292,3.93436084442035,4.34734937777536,4.36587159819272
"Inflation, consumer prices (annual %)",FP.CPI.TOTL.ZG,"Hong Kong SAR, China",HKG,10.4265402843603,-3.68550368550369,2.31370505471598,5.27656106753591,4.06386066763425,4.32357043235704,4.4385026737968,2.99539170506913,2.41113596818294,1.48058252427183,2.40771745196524,2.8649279875438
"Inflation, consumer prices (annual %)",FP.CPI.TOTL.ZG,Hungary,HUN,28.3695996532776,9.80361016908127,4.85555795691951,3.92992098935075,5.65214517088651,1.73319984983107,-0.227566270988384,-0.0616446800641176,0.394769306686402,2.34824281150159,2.85024792594642,3.3385863538201
"Inflation, consumer prices (annual %)",FP.CPI.TOTL.ZG,Iceland,ISL,15.510721994253,5.13647123245151,5.39673113167484,4.00102664343116,5.18589988750705,3.8722792374824,2.04461481539337,1.63305558181333,1.6969276199774,1.76041559180606,2.68291768267388,3.01397179156056
"Inflation, consumer prices (annual %)",FP.CPI.TOTL.ZG,India,IND,8.97123250273246,4.00943591045191,11.9893899204244,8.85836096636663,9.31244560487382,10.9076433121019,6.35319454414936,5.87242659466756,4.94102645839974,2.49088699878493,4.86069946650859,7.65969474279253
"Inflation, consumer prices (annual %)",FP.CPI.TOTL.ZG,Indonesia,IDN,7.81919144730541,3.68861915958351,5.1342040076793,5.3560477898215,4.27949999641976,6.41251330156414,6.39492540819922,6.36312113115614,3.5258051568793,3.80879806953163,3.19834641562404,3.03058664969491
"Inflation, consumer prices (annual %)",FP.CPI.TOTL.ZG,"Iran, Islamic Rep.",IRN,7.62767493763936,14.4767513188566,10.089362928798,26.2933856738609,27.2568127242908,36.6030355191028,16.6065532357449,12.4846815611533,7.24542548952983,8.04492437660281,18.0141183371874,39.9073455697783
"Inflation, consumer prices (annual %)",FP.CPI.TOTL.ZG,Iraq,IRQ,..,4.97896213183735,2.8777472527476,5.80145537085299,6.08909641595044,1.87949800749469,2.23597407904678,1.3933302878031,0.556521397155519,0.18405889884764,0.36744148893681,..
"Inflation, consumer prices (annual %)",FP.CPI.TOTL.ZG,Ireland,IRL,3.31732129894252,5.59071729957807,-0.922095829024469,2.5571888318692,1.69620897294545,0.508714869485436,0.182542316627949,-0.289879079012739,0.00830633773569926,0.340531561461793,0.488370168032449,0.939044481054341
"Inflation, consumer prices (annual %)",FP.CPI.TOTL.ZG,Isle of Man,IMN,..,..,..,..,..,..,..,..,..,..,..,..
"Inflation, consumer prices (annual %)",FP.CPI.TOTL.ZG,Israel,ISR,17.1980676328503,1.05074893807288,2.70766406608536,3.46738159070598,1.68422870962172,1.57139216852117,0.485030941629033,-0.632490013315584,-0.544388609715241,0.244210526315802,0.814852150537637,0.841596533622194
"Inflation, consumer prices (annual %)",FP.CPI.TOTL.ZG,Italy,ITA,6.45660906146405,2.53768532095005,1.52551602118248,2.78063272879324,3.04136333226773,1.21999342274305,0.241047429826773,0.0387903996579552,-0.0940166569157271,1.22653316645808,1.13748763600395,0.611246943765291
"Inflation, consumer prices (annual %)",FP.CPI.TOTL.ZG,Jamaica,JAM,21.9601751165083,8.17108356120219,12.6095082350193,7.52969244333801,6.89824818644853,9.34440283355142,8.2900057770075,3.67588791857115,2.3514509670685,4.37578513674809,3.74015836640364,3.90964622870398
"Inflation, consumer prices (annual %)",FP.CPI.TOTL.ZG,Japan,JPN,3.07851628695162,-0.676578683595063,-0.719979429159149,-0.267633600966946,-0.0519390581717368,0.346440325653898,2.76195408251338,0.789517890139427,-0.116666666666671,0.467211747038214,0.979903670486641,0.476973684210521
"Inflation, consumer prices (annual %)",FP.CPI.TOTL.ZG,Jordan,JOR,16.1921375615234,0.666880925597913,4.84551875852119,4.16244162927781,4.51522956670998,4.82462314269542,2.89947905006047,-0.876851359704022,-0.778430463054117,3.32389447576096,4.46231108475485,0.761514047265513
"Inflation, consumer prices (annual %)",FP.CPI.TOTL.ZG,Kazakhstan,KAZ,..,..,..,..,5.09791484975883,5.84640917320427,6.70657829092753,6.66577611541488,14.5460237946154,7.44000437325707,6.01913096570714,5.24547679608369
"Inflation, consumer prices (annual %)",FP.CPI.TOTL.ZG,Kenya,KEN,17.78181442992,9.98002515350979,3.96138889115389,14.0224939638475,9.37776748155126,5.71749357037732,6.87815499275946,6.58217440250398,6.29715752456272,8.0057227913467,4.68981976129859,..
"Inflation, consumer prices (annual %)",FP.CPI.TOTL.ZG,Kiribati,KIR,..,..,-3.89955040651655,1.49740979875968,-3.04586292775568,-1.48805908468102,2.10398520925043,0.572015743634274,..,..,..,..
"Inflation, consumer prices (annual %)",FP.CPI.TOTL.ZG,"Korea, Dem. People’s Rep.",PRK,..,..,..,..,..,..,..,..,..,..,..,..
"Inflation, consumer prices (annual %)",FP.CPI.TOTL.ZG,"Korea, Rep.",KOR,8.57360068709822,2.25918477850415,2.93918135927598,4.02584624959385,2.18722120847932,1.30137705753611,1.27471470205519,0.706208169859214,0.971674763956376,1.94445590723395,1.47586240396369,0.38294613224406
"Inflation, consumer prices (annual %)",FP.CPI.TOTL.ZG,Kosovo,XKX,..,..,3.48050763735848,7.33641771315266,2.47673782156539,1.76732428354889,0.4289578083241,-0.536929392740657,0.273169431045511,1.48823430592309,1.05379773654998,2.67599202639892
"Inflation, consumer prices (annual %)",FP.CPI.TOTL.ZG,Kuwait,KWT,9.833635315434,1.81294613887087,4.49640287769787,4.8394034987095,3.25514600287219,2.68229684085038,2.90892672858618,3.27170166092134,3.19839776658371,2.17183298510008,0.543133148199589,1.09184802655847
"Inflation, consumer prices (annual %)",FP.CPI.TOTL.ZG,Kyrgyz Republic,KGZ,..,18.7007342838023,7.96772225579691,16.6363262731496,2.76844236540948,6.61375202358086,7.53424729775882,6.50331838993381,0.388838296895887,3.1753098637994,1.54266145238431,1.13362257718798
"Inflation, consumer prices (annual %)",FP.CPI.TOTL.ZG,Lao PDR,LAO,35.642982971227,25.0846414281315,5.98254521550086,7.56898856109973,4.25512677832094,6.3714271778294,4.12924306873775,1.27735427102986,1.5969149267851,0.825500217672247,2.03987405484665,3.32281393731291
"Inflation, consumer prices (annual %)",FP.CPI.TOTL.ZG,Latvia,LVA,..,2.65425477796052,-1.08463595015159,4.37073559939221,2.25778924374594,-0.0294547782578977,0.620490636732377,0.174242243625214,0.140633334505292,2.93036312374664,2.53445424186602,2.81140920075622
"Inflation, consumer prices (annual %)",FP.CPI.TOTL.ZG,Lebanon,LBN,..,..,3.98347941855833,4.97148571692381,6.58147447683684,4.82101956297391,1.85460421340917,-3.74914524799635,-0.783359624361543,4.32135218303198,6.07698907889605,3.0053894939038
"Inflation, consumer prices (annual %)",FP.CPI.TOTL.ZG,Lesotho,LSO,11.6347569955818,6.13197538722695,3.46152586635755,5.03663052101557,6.05143662139978,4.86511899496377,5.37028961008588,3.21844513655931,6.59650490696543,4.44769937376293,4.75180301624748,5.18708359197993
"Inflation, consumer prices (annual %)",FP.CPI.TOTL.ZG,Liberia,LBR,..,..,7.28992796890228,8.48816751849397,6.8317870341854,7.57730681741403,9.86111285574915,7.74869687621311,8.83424868336493,12.4196323907137,23.5635148953742,..
"Inflation, consumer prices (annual %)",FP.CPI.TOTL.ZG,Libya,LBY,8.45146240803884,-2.90000000000024,2.79989500109265,15.5184815317562,6.05980392156861,2.60581802719518,..,..,..,..,..,..
"Inflation, consumer prices (annual %)",FP.CPI.TOTL.ZG,Liechtenstein,LIE,..,..,..,..,..,..,..,..,..,..,..,..
"Inflation, consumer prices (annual %)",FP.CPI.TOTL.ZG,Lithuania,LTU,..,0.981615478857527,1.31921362055463,4.13027562645087,3.08998277055416,1.04747937065349,0.103758009433715,-0.884097405500613,0.905525075460439,3.72288862303693,2.69792779208397,2.33450937988024
"Inflation, consumer prices (annual %)",FP.CPI.TOTL.ZG,Luxembourg,LUX,3.25376659083636,3.15076707022592,2.27367911621542,3.4106834106834,2.66284165508017,1.73403963519166,0.628543985440705,0.4747431614378,0.290833333333306,1.73079959118897,1.52819524307373,1.74332075653843
"Inflation, consumer prices (annual %)",FP.CPI.TOTL.ZG,"Macao SAR, China",MAC,7.96969384363222,-1.60571964369425,2.80976606568894,5.8044680014079,6.10831172643217,5.50678666273237,6.04527180562838,4.55920288123163,2.37016134753169,1.22655455973391,3.00522100647301,..
"Inflation, consumer prices (annual %)",FP.CPI.TOTL.ZG,Madagascar,MDG,11.7844838321357,11.859684500028,9.24732173644117,9.48254048582994,5.71384434191048,5.8264294445199,6.08040811088296,7.40419174202127,6.04456028298415,8.59006119668704,8.59795823787682,5.62530573954354
"Inflation, consumer prices (annual %)",FP.CPI.TOTL.ZG,Malawi,MWI,11.8235380454151,29.5814884631684,7.41159092883827,7.62282262848515,21.271265001378,27.2833333333333,23.7920649469687,21.8673475542553,21.7111132136499,11.543393918877,12.420178108921,9.37083605605672
"Inflation, consumer prices (annual %)",FP.CPI.TOTL.ZG,Malaysia,MYS,2.61780104712051,1.53474023697698,1.62285235577031,3.17447092151309,1.66357102479204,2.10501231233614,3.14299050879107,2.10438980238344,2.09056659525745,3.8712011577424,0.884709160571244,0.662891865764376
"Inflation, consumer prices (annual %)",FP.CPI.TOTL.ZG,Maldives,MDV,..,..,..,..,..,..,..,..,0.502509413611607,2.8174733823451,-0.133373386117597,0.220029731065408
"Inflation, consumer prices (annual %)",FP.CPI.TOTL.ZG,Mali,MLI,0.606339703737518,-0.677661659046742,1.10892690670188,2.95564395229391,5.32312847064058,-0.606736356351494,0.883814547137822,1.45069057605958,-1.79964707083376,1.75985742927153,0.299546507387888,-1.65826694846368
"Inflation, consumer prices (annual %)",FP.CPI.TOTL.ZG,Malta,MLT,2.98340586063559,2.36959287531812,1.51563513618533,2.96298528192878,2.37582057760382,1.18028436366548,0.310306472181729,1.1005482637893,0.642702771527276,1.3643544815071,1.15782362451512,1.64206001768947
"Inflation, consumer prices (annual %)",FP.CPI.TOTL.ZG,Marshall Islands,MHL,..,..,..,..,..,..,..,..,..,..,..,..
"Inflation, consumer prices (annual %)",FP.CPI.TOTL.ZG,Mauritania,MRT,6.6002256487402,3.25406745833358,6.28354087427708,5.68631959575963,4.90242727217991,4.12910173783393,3.53436856147326,3.23770308329082,1.48600676958638,2.27503457252097,3.04891482875157,2.30009262117938
"Inflation, consumer prices (annual %)",FP.CPI.TOTL.ZG,Mauritius,MUS,13.4880887926371,4.19928825622807,2.93236301369863,6.52249254869339,3.85216033315978,3.54329573934837,3.21769191994683,1.28654970760235,0.977675134719017,3.66699702675917,3.2160538314458,0.405655190309511
"Inflation, consumer prices (annual %)",FP.CPI.TOTL.ZG,Mexico,MEX,26.6516725646771,9.49156149435404,4.15672722680176,3.40737824605736,4.11150981070293,3.80639069747207,4.01861608078673,2.7206406496403,2.82170784747653,6.04145724018992,4.89935015356549,3.6359614212705
"Inflation, consumer prices (annual %)",FP.CPI.TOTL.ZG,"Micronesia, Fed. Sts.",FSM,..,2.15851810619416,3.31370963136216,5.08259403890365,5.01850353045626,1.75232737350739,0.650284891768577,-0.298115837381082,-1.03746806405332,0.522623903446883,..,..
"Inflation, consumer prices (annual %)",FP.CPI.TOTL.ZG,Moldova,MDA,..,31.2993015817785,7.48385086350855,7.68725103356187,4.54633427355305,4.59787897363131,5.0887855462588,9.67624033101865,6.35930898037936,6.57022997455602,3.04505397337071,4.83778351428725
"Inflation, consumer prices (annual %)",FP.CPI.TOTL.ZG,Monaco,MCO,..,..,..,..,..,..,..,..,..,..,..,..
"Inflation, consumer prices (annual %)",FP.CPI.TOTL.ZG,Mongolia,MNG,..,11.5955387593327,10.0462065881652,8.41121495327101,14.3303348325837,10.4906567588242,12.2539808129759,5.72687224669603,0.742300726059404,4.3107625408578,6.81243594195042,7.30481597480148
"Inflation, consumer prices (annual %)",FP.CPI.TOTL.ZG,Montenegro,MNE,..,..,0.65494657014848,3.45014311248693,4.14524724981109,2.20589268141181,-0.71051405171022,1.54869158222488,-0.27138502338526,2.38023599053136,2.61121647230232,..
"Inflation, consumer prices (annual %)",FP.CPI.TOTL.ZG,Morocco,MAR,6.78259401511004,1.89463456763465,0.993557401226434,0.906924909691796,1.28712240079213,1.88065466724086,0.442310053557051,1.55790711346269,1.63531114327061,0.754663249323633,1.91295940503111,0.196065520576425
"Inflation, consumer prices (annual %)",FP.CPI.TOTL.ZG,Mozambique,MOZ,..,..,12.4255421735156,11.1666056127874,2.60245456956622,4.26135250941965,2.55974875844296,3.55075967356746,17.4180418197597,15.1132073899385,3.91133439990733,2.78110631182942
"Inflation, consumer prices (annual %)",FP.CPI.TOTL.ZG,Myanmar,MMR,17.6267750314504,-0.109165514668512,7.71838195873614,5.02146014620726,1.46758322674678,5.64303883425513,4.95329918484382,9.45417189525996,6.92882525816124,4.57253655317505,6.87232865662918,8.82506696804562
"Inflation, consumer prices (annual %)",FP.CPI.TOTL.ZG,Namibia,NAM,..,..,4.87491987645649,5.00559518081198,6.72199777334885,5.60092502290408,5.34952612752384,3.39566065540328,6.72779540721605,6.1439236617507,4.28857498852457,3.72697511621139
"Inflation, consumer prices (annual %)",FP.CPI.TOTL.ZG,Nauru,NRU,..,..,..,..,..,..,..,..,..,..,..,..
"Inflation, consumer prices (annual %)",FP.CPI.TOTL.ZG,Nepal,NPL,8.2397003745321,2.47882020709133,9.32650410745393,9.22707546125953,9.45980980357129,9.04016311917647,8.36415469659556,7.86890895590905,8.79034332004629,3.62709610696609,4.0611633875107,5.56868547784925
"Inflation, consumer prices (annual %)",FP.CPI.TOTL.ZG,Netherlands,NLD,2.45408985919672,2.36052233801956,1.27530569556686,2.3410701775137,2.45554765291609,2.50689852657884,0.976035079699661,0.600248147278775,0.316666666666663,1.3814587140721,1.70349794744475,2.63369910249593
"Inflation, consumer prices (annual %)",FP.CPI.TOTL.ZG,New Caledonia,NCL,..,..,..,2.42899693753409,1.74967234600262,1.27761318992722,0.178851060785501,0.570508141048026,0.578317435521153,..,..,..
"Inflation, consumer prices (annual %)",FP.CPI.TOTL.ZG,New Zealand,NZL,6.09844414810207,2.61523446246318,2.30202385958576,4.02790667392038,1.05991318445635,1.13442266445812,1.22750750597405,0.292704628136101,0.646240284454502,1.85078767452532,1.59829703801698,1.61963190184049
"Inflation, consumer prices (annual %)",FP.CPI.TOTL.ZG,Nicaragua,NIC,..,7.06991352252514,5.45513425887415,8.0823879809911,7.19355053338952,7.135467852894,6.03596861798431,3.99737996694398,3.52317317628476,3.85067166284725,4.94723728039882,5.3762899084413
"Inflation, consumer prices (annual %)",FP.CPI.TOTL.ZG,Niger,NER,-0.775653010977482,2.90014973599111,0.804073080882635,2.94238514013317,0.455089820359268,2.29723114955316,-0.930287259984461,-0.576090369833086,1.65388922387803,2.7963731887128,2.96760366004454,-2.48979265070851
"Inflation, consumer prices (annual %)",FP.CPI.TOTL.ZG,Nigeria,NGA,7.36440030557697,6.93329215565158,13.7202018444406,10.8400275418866,12.2177817351031,8.47582728502893,8.06248582444999,9.00938718326781,15.6753405526234,16.5235399802169,12.0947315505318,11.3967949687168
"Inflation, consumer prices (annual %)",FP.CPI.TOTL.ZG,North Macedonia,MKD,..,6.60742291038535,1.50997522027615,3.90475422069738,3.31605566687646,2.78500056726115,-0.281705032928538,-0.299920475631447,-0.239290787684491,1.3516188967744,1.45831298507127,0.766439573459688
"Inflation, consumer prices (annual %)",FP.CPI.TOTL.ZG,Northern Mariana Islands,MNP,..,..,..,..,..,..,..,..,..,..,..,..
"Inflation, consumer prices (annual %)",FP.CPI.TOTL.ZG,Norway,NOR,4.13103348311347,3.08550609131277,2.41890639481001,1.28495158809159,0.696864111498241,2.12048620353119,2.0417028670721,2.17113665389528,3.55000000000002,1.87510059552548,2.76483134528794,2.16773003305405
"Inflation, consumer prices (annual %)",FP.CPI.TOTL.ZG,Oman,OMN,..,..,3.25657959078624,4.04218867116396,2.94773495257207,1.04552838755363,1.02234314452965,0.0652901330286481,1.10920805807029,1.59716060337177,0.881302104009536,0.133795057453182
"Inflation, consumer prices (annual %)",FP.CPI.TOTL.ZG,Pakistan,PAK,9.0521315527978,4.36666451291681,12.938870563489,11.9160927116276,9.68235186055684,7.69215611899565,7.18938402847027,2.52932817254224,3.76511916356584,4.08537368032604,5.07805725868919,10.5780304680861
"Inflation, consumer prices (annual %)",FP.CPI.TOTL.ZG,Palau,PLW,..,..,1.44219017355169,4.67469879518072,3.61418047882136,3.35481004221285,4.19174548581256,0.94904064369715,-1.04230533415084,1.28046261875257,..,..
"Inflation, consumer prices (annual %)",FP.CPI.TOTL.ZG,Panama,PAN,0.76948535495604,1.49896111605775,3.49128872618805,5.87580243678762,5.69819959165999,4.0271599157105,2.62652699929154,0.137492058461537,0.739734025300028,0.875585918759888,0.761578359399943,-0.355083821021212
"Inflation, consumer prices (annual %)",FP.CPI.TOTL.ZG,Papua New Guinea,PNG,6.95336159903071,15.5958933107535,6.01360893567859,4.44083401028976,4.53720508166969,4.96031746031744,5.22211720226844,5.99595778127105,6.67372881355933,5.42204568023833,4.72084992574417,3.63789900252785
"Inflation, consumer prices (annual %)",FP.CPI.TOTL.ZG,Paraguay,PRY,37.2599561799202,8.98215976750022,4.6511627906977,8.25396825396825,3.6759189797449,2.68385738718593,5.02882767456758,3.12900274473924,4.08682280577242,3.60247741348942,3.97561015740689,2.7570972756279
"Inflation, consumer prices (annual %)",FP.CPI.TOTL.ZG,Peru,PER,7481.66361124526,3.75733833344472,1.52832059732903,3.36931095333853,3.65570906781008,2.80671650937615,3.24496304244158,3.54928804947929,3.59211324147449,2.80283916977831,1.31764765937395,2.13715342569978
"Inflation, consumer prices (annual %)",FP.CPI.TOTL.ZG,Philippines,PHL,12.1773522064946,3.9771250324928,3.78983634797591,4.71841704718416,3.02696391124798,2.58268766141797,3.59782343864207,0.674192536845412,1.25369880080983,2.85318772590942,5.21160460595185,2.48027858716509
"Inflation, consumer prices (annual %)",FP.CPI.TOTL.ZG,Poland,POL,567.878800666191,9.90017538843062,2.58069370250546,4.23940149625935,3.56037151702788,0.99198260633235,0.0538213132400467,-0.874125874125849,-0.664767331434023,2.07593553673862,1.81295156542681,2.227478809383
"Inflation, consumer prices (annual %)",FP.CPI.TOTL.ZG,Portugal,PRT,13.6305705693074,2.85303039287156,1.40257289895371,3.65301100430729,2.77333854051579,0.27441666666668,-0.278153367467421,0.487938623904736,0.607397074641661,1.36861411643481,0.99371568346825,0.338178410046125
"Inflation, consumer prices (annual %)",FP.CPI.TOTL.ZG,Puerto Rico,PRI,..,..,..,..,..,..,..,..,..,..,..,..
"Inflation, consumer prices (annual %)",FP.CPI.TOTL.ZG,Qatar,QAT,3.0009680542111,1.65033522434234,-2.42525675161712,1.13836623529204,2.31534853431661,3.22197756829285,3.34972085659527,1.81407723937757,2.67659170098192,0.394878914083008,0.255815382724399,-0.666641124861102
"Inflation, consumer prices (annual %)",FP.CPI.TOTL.ZG,Romania,ROU,..,45.6665940440238,6.09141668601892,5.78925328815882,3.33492267693443,3.98471235548128,1.06830987684293,-0.594156437495137,-1.54479666813904,1.33902121104396,4.62548443137781,3.82785432599428
"Inflation, consumer prices (annual %)",FP.CPI.TOTL.ZG,Russian Federation,RUS,..,20.7987606558703,6.8493923025503,8.44046485932559,5.0747430079915,6.75371026220953,7.82341183865503,15.5344050528404,7.04244762954798,3.68332944412231,2.87829723647886,4.47036660760175
"Inflation, consumer prices (annual %)",FP.CPI.TOTL.ZG,Rwanda,RWA,4.18576372649945,3.89952980284715,-0.258698196799149,3.09663102683074,10.2729674200176,5.93558690444502,2.32830820770519,2.52905549189721,7.184481519917,8.27437253295597,-0.309533635988446,3.35334299316911
"Inflation, consumer prices (annual %)",FP.CPI.TOTL.ZG,Samoa,WSM,15.2384632724696,0.966782350024731,0.777007268777681,5.23541591478427,2.04901883521161,0.610085720905009,-0.406816088424881,0.724470134874833,1.30471869303168,1.74989677484723,4.19745888663745,0.982326569888142
"Inflation, consumer prices (annual %)",FP.CPI.TOTL.ZG,San Marino,SMR,..,..,2.58541815582589,2.89979584300121,2.82733224222587,1.60439298078071,1.11296303373859,0.145686073241013,0.573948019801976,1.04597683468952,..,..
"Inflation, consumer prices (annual %)",FP.CPI.TOTL.ZG,Sao Tome and Principe,STP,..,12.2089456308977,13.34005235378,14.3271667616801,10.6379353431629,8.10583270875467,6.99849943966418,5.25017086354882,5.43271095818786,5.69508878579428,7.85706431333533,..
"Inflation, consumer prices (annual %)",FP.CPI.TOTL.ZG,Saudi Arabia,SAU,2.07715133531161,-1.12499477854773,5.33941680637453,5.82621608838853,2.86626887489922,3.53252470694923,2.23629031536967,1.20607322150117,2.06884036053476,-0.838194579675057,2.45814158007533,-2.09333333333333
"Inflation, consumer prices (annual %)",FP.CPI.TOTL.ZG,Senegal,SEN,0.32509863018325,0.731981981981545,1.22868119673344,3.40322829786967,1.41822871177848,0.710245486695225,-1.09025507446894,0.135211933635241,0.837284942557418,1.31815314847782,0.46098564246427,1.75856517595659
"Inflation, consumer prices (annual %)",FP.CPI.TOTL.ZG,Serbia,SRB,..,71.1206287946541,6.14255360247246,11.1373976342129,7.33038589596636,7.69426362896666,2.08244793880151,1.39235822000187,1.12231397417765,3.13106248590119,1.95984076293803,1.8492298451109
"Inflation, consumer prices (annual %)",FP.CPI.TOTL.ZG,Seychelles,SYC,3.88888888888915,6.26876876876877,-2.40463875108223,2.5592677223095,7.11037062326402,4.33893848329104,1.38583454581262,4.04194410725623,-1.01548191697642,2.85679575568449,3.70291839111562,1.80611159983627
"Inflation, consumer prices (annual %)",FP.CPI.TOTL.ZG,Sierra Leone,SLE,..,..,7.19353613051804,6.78819444444446,6.58835961632254,5.51827136955831,4.64546204670158,6.69367927894743,10.8832858622475,18.2198091957714,16.0327898535814,14.8030585681759
"Inflation, consumer prices (annual %)",FP.CPI.TOTL.ZG,Singapore,SGP,3.46075338652821,1.36162392448455,2.82366134885609,5.2477933984048,4.57560270376522,2.35860415399836,1.02514803039394,-0.522618167075314,-0.53226873971629,0.576260310166371,0.438620118446782,0.565260568780358
"Inflation, consumer prices (annual %)",FP.CPI.TOTL.ZG,Sint Maarten (Dutch part),SXM,..,..,1.33857621672885,4.58475435650402,4.01518421081602,2.52864788538364,1.8867546627522,0.330027165141339,0.111682655737255,2.19201010963043,..,..
"Inflation, consumer prices (annual %)",FP.CPI.TOTL.ZG,Slovak Republic,SVK,..,12.0357805974299,0.957018132975136,3.91928599146294,3.60610263522886,1.40047368963031,-0.0761653295419824,-0.325219777427739,-0.520010196278324,1.31194588223234,2.51403712883808,2.66456133425443
"Inflation, consumer prices (annual %)",FP.CPI.TOTL.ZG,Slovenia,SVN,552.083528914325,8.91174418658764,1.80117022137136,1.80285171941907,2.5974138603901,1.76920085881896,0.199343826570849,-0.525552285820838,-0.0549995416704911,1.42910743319297,1.73860861988181,1.63052260754338
"Inflation, consumer prices (annual %)",FP.CPI.TOTL.ZG,Solomon Islands,SLB,8.73759261848179,7.88956186986721,1.0514816332104,7.34270706018,5.91200602491156,5.39136388587559,5.16590237925172,-0.574469286359543,0.512485626268801,0.488686760260984,3.46147484973745,1.63485544012242
"Inflation, consumer prices (annual %)",FP.CPI.TOTL.ZG,Somalia,SOM,..,..,..,..,..,..,..,..,..,..,..,..
"Inflation, consumer prices (annual %)",FP.CPI.TOTL.ZG,South Africa,ZAF,14.3209758334304,5.33895158255483,4.0635389730329,5.01715773281268,5.72394366197183,5.77640413513801,6.13602015113351,4.50920827795706,6.59460441456991,5.18108223263743,4.50457749331605,4.12435072486239
"Inflation, consumer prices (annual %)",FP.CPI.TOTL.ZG,South Sudan,SSD,..,..,1.16962180301104,47.3052912549011,45.0782570634584,-0.0393813258289415,1.65522359837255,52.8146520738376,379.848020604367,187.851625696624,..,..
"Inflation, consumer prices (annual %)",FP.CPI.TOTL.ZG,Spain,ESP,6.72182530113632,3.43351675547435,1.79988133046941,3.19614641224106,2.44600018540708,1.40854629241729,-0.150870313497969,-0.500461321406559,-0.202671740806371,1.95608333333334,1.67506761489627,0.699536241717015
"Inflation, consumer prices (annual %)",FP.CPI.TOTL.ZG,Sri Lanka,LKA,21.495252052759,6.17627591012044,6.21764889304619,6.7167684358854,7.54291373239436,6.90845034828443,3.17900228236063,3.76836783062094,3.95888846593072,7.70413767850603,2.13503773713198,3.52839358231809
"Inflation, consumer prices (annual %)",FP.CPI.TOTL.ZG,St. Kitts and Nevis,KNA,4.01098407755617,2.14885532743697,0.850878649795933,5.83516519570853,0.816089281562403,1.1069855400014,0.247865392364824,-2.30187563045606,-0.687037123294059,0.694916711613505,-1.03712214131567,..
"Inflation, consumer prices (annual %)",FP.CPI.TOTL.ZG,St. Lucia,LCA,4.26755662855973,3.7107860871361,3.25034409180123,2.76940794144096,4.17763587102516,1.47201838917869,3.51847818195019,-0.98430920351253,-3.09298958876075,0.11841772577109,1.93846244376073,..
"Inflation, consumer prices (annual %)",FP.CPI.TOTL.ZG,St. Martin (French part),MAF,..,..,..,..,..,..,..,..,..,..,..,..
"Inflation, consumer prices (annual %)",FP.CPI.TOTL.ZG,St. Vincent and the Grenadines,VCT,7.60609957743892,0.167679637488285,0.747109026311466,3.18603111552464,2.59844414147086,0.805127804267965,0.193858560794042,-1.73361194953949,-0.149641647633301,2.15333648840511,2.32414485367923,..
"Inflation, consumer prices (annual %)",FP.CPI.TOTL.ZG,Sudan,SDN,65.1580979966202,8.0330554451262,13.2453941409943,18.0966171221351,35.5590574147027,36.5223449139153,36.9066427863594,16.9094557092798,17.7503695533303,32.3516260968436,63.2925073455883,50.9940515002971
"Inflation, consumer prices (annual %)",FP.CPI.TOTL.ZG,Suriname,SUR,21.7399443397527,59.4016865450789,6.94108221639997,17.7117796414557,5.00686319367281,1.9234360410831,3.38341272749479,6.89390359168242,55.4123879763194,21.9969430173304,..,..
"Inflation, consumer prices (annual %)",FP.CPI.TOTL.ZG,Sweden,SWE,10.3665533879494,0.899143734041743,1.15798802715629,2.96115073822139,0.8883775069237,-0.0442929701486557,-0.17963849411465,-0.0467847449832651,0.984269244577978,1.79449904665596,1.95353530127029,1.78415097403832
"Inflation, consumer prices (annual %)",FP.CPI.TOTL.ZG,Switzerland,CHE,5.40395398235057,1.55851846785163,0.688233448733407,0.231336576913037,-0.692545841930371,-0.21730851764762,-0.0132291602454955,-1.14390064437645,-0.434607638542948,0.533795988132759,0.936313303085696,0.362916004520384
"Inflation, consumer prices (annual %)",FP.CPI.TOTL.ZG,Syrian Arab Republic,SYR,19.3968672229543,-3.84615384615379,4.39741383150069,4.75316388885632,36.7022953364139,..,..,..,..,..,..,..
"Inflation, consumer prices (annual %)",FP.CPI.TOTL.ZG,Tajikistan,TJK,..,..,6.4195650906086,12.4315490430408,5.83116601031449,5.00964645344951,6.10442765129665,5.71455949649708,6.00458082322154,..,..,..
"Inflation, consumer prices (annual %)",FP.CPI.TOTL.ZG,Tanzania,TZA,35.8267716535433,5.92396109637476,6.20015595647402,12.6909694699163,16.0010938506338,7.87072364573951,6.13161432988016,5.58816952959301,5.17476629301492,5.31871605228926,3.49445848856181,3.46428057999026
"Inflation, consumer prices (annual %)",FP.CPI.TOTL.ZG,Thailand,THA,5.86399474375829,1.59196917460971,3.24758842443727,3.80879058139637,3.01489950334986,2.18488618530682,1.89514181898786,-0.900424963291569,0.188149704448173,0.66563189313507,1.06389754183022,0.706728601314305
"Inflation, consumer prices (annual %)",FP.CPI.TOTL.ZG,Timor-Leste,TLS,..,..,6.76597680236483,13.4998402385771,11.8003096701544,11.0849085109955,0.726275016139427,0.552796026277844,-1.33853876185165,0.557215537430352,2.63647201015893,..
"Inflation, consumer prices (annual %)",FP.CPI.TOTL.ZG,Togo,TGO,1.0153415053081,1.86260595463066,1.44594517430865,3.56351472903955,2.57718174055852,1.82539475909161,0.190875076249778,2.58500390801595,1.28544847051414,-0.98188986894308,0.927755426457187,0.674652770077441
"Inflation, consumer prices (annual %)",FP.CPI.TOTL.ZG,Tonga,TON,9.70986384562656,6.32763551411156,3.53491239189831,6.27075302995689,1.14753853706055,0.775629322367448,2.51087633253703,-1.05399831971284,2.57815515245079,7.44224546617505,..,..
"Inflation, consumer prices (annual %)",FP.CPI.TOTL.ZG,Trinidad and Tobago,TTO,11.0644257703083,3.55541319666879,10.5492003179987,5.10713289264559,9.26028137068287,5.19981740465616,5.68441814595665,4.66121598098263,3.07066742464024,1.8803844018353,1.01856930188828,..
"Inflation, consumer prices (annual %)",FP.CPI.TOTL.ZG,Tunisia,TUN,6.54529307282412,2.96230794738606,3.33897963601065,3.24002842009523,4.61184432206646,5.31623531326693,4.62555099534024,4.437371273215,3.62939937384383,5.30884839565841,7.3075917603165,6.72007532863804
"Inflation, consumer prices (annual %)",FP.CPI.TOTL.ZG,Turkey,TUR,60.3038691346447,54.9153705812683,8.56644420552977,6.47187967115097,8.89156996512164,7.49309030547697,8.85457271364318,7.6708536484588,7.77513415328334,11.1443110840764,16.3324638988929,15.1768215720023
"Inflation, consumer prices (annual %)",FP.CPI.TOTL.ZG,Turkmenistan,TKM,..,..,..,..,..,..,..,..,..,..,..,..
"Inflation, consumer prices (annual %)",FP.CPI.TOTL.ZG,Turks and Caicos Islands,TCA,..,..,..,..,..,..,..,..,..,..,..,..
"Inflation, consumer prices (annual %)",FP.CPI.TOTL.ZG,Tuvalu,TUV,..,..,..,..,..,..,..,..,..,..,..,..
"Inflation, consumer prices (annual %)",FP.CPI.TOTL.ZG,Uganda,UGA,..,3.39202158512999,3.9765528847817,15.1251539449716,12.6787362442314,4.90271441893287,3.07467760632835,5.41000419560863,5.44575878373994,5.64093192245177,2.62397505207709,2.86909425020554
"Inflation, consumer prices (annual %)",FP.CPI.TOTL.ZG,Ukraine,UKR,..,28.2030972388552,9.37293105078976,7.95572466274646,0.568727971803899,-0.238948626045408,12.0718562874252,48.6998646434423,13.9127101997796,14.4383227488749,10.9518559353179,7.8867174561113
"Inflation, consumer prices (annual %)",FP.CPI.TOTL.ZG,United Arab Emirates,ARE,..,..,0.877983288285896,0.877346595685083,0.662268900269082,1.10111836375706,2.34626865671643,4.06996608361598,1.61748808904192,1.96682557818839,3.06863379251994,-1.93108114782171
"Inflation, consumer prices (annual %)",FP.CPI.TOTL.ZG,United Kingdom,GBR,8.06346090938833,1.18295624210404,2.49265472467065,3.85611244682819,2.57323479654528,2.29166666666666,1.45112016293279,0.368046842325369,1.00841736811403,2.55775577557754,2.29283990345939,1.73810460086511
"Inflation, consumer prices (annual %)",FP.CPI.TOTL.ZG,United States,USA,5.39795643990322,3.37685727149935,1.64004344238989,3.15684156862206,2.06933726526059,1.46483265562714,1.62222297740821,0.118627135552435,1.26158320570537,2.13011000365963,2.44258329692818,1.81221007526015
"Inflation, consumer prices (annual %)",FP.CPI.TOTL.ZG,Uruguay,URY,112.525905573023,4.76382472733248,6.69870886978135,8.09283206302989,8.09776580573602,8.57513504005394,8.87735333229828,8.66626987079337,9.63941347635073,6.21809382561863,7.60653360377044,7.88198870879622
"Inflation, consumer prices (annual %)",FP.CPI.TOTL.ZG,Uzbekistan,UZB,..,..,..,..,..,..,..,..,..,..,..,..
"Inflation, consumer prices (annual %)",FP.CPI.TOTL.ZG,Vanuatu,VUT,4.75944128297968,2.53768844221106,2.7626946947735,0.873793104781058,1.34740362877658,1.45893371757928,0.798863838096904,2.48326875660446,0.842069084035039,3.08452624403546,2.3309637956687,2.76252019386107
"Inflation, consumer prices (annual %)",FP.CPI.TOTL.ZG,"Venezuela, RB",VEN,..,..,28.1874647092039,26.0902123160955,21.0689956331878,40.6394275161588,62.168649979483,121.738085297504,254.948534781815,..,..,..
"Inflation, consumer prices (annual %)",FP.CPI.TOTL.ZG,Vietnam,VNM,..,-1.71033727851115,9.20746648778419,18.6777322770706,9.09470339557195,6.59267475899193,4.0845544663762,0.631200905175718,2.66824816969085,3.52025688811617,3.53962805942641,2.79582367452246
"Inflation, consumer prices (annual %)",FP.CPI.TOTL.ZG,Virgin Islands (U.S.),VIR,..,..,..,..,..,..,..,..,..,..,..,..
"Inflation, consumer prices (annual %)",FP.CPI.TOTL.ZG,West Bank and Gaza,PSE,..,2.79819892435757,3.74915727597098,2.8772435849594,2.77908768282493,1.72439933626923,1.73298510037451,1.43161145810472,-0.219106604907305,0.212570934228834,-0.195107773730686,1.58018333639459
"Inflation, consumer prices (annual %)",FP.CPI.TOTL.ZG,"Yemen, Rep.",YEM,..,4.58999999999981,11.1748338605043,19.5435617131149,9.88538714484848,10.9684421500194,8.10472583623948,..,..,..,..,..
"Inflation, consumer prices (annual %)",FP.CPI.TOTL.ZG,Zambia,ZMB,107.023809523809,26.0304117888121,8.50176133365265,6.42939681072336,6.57589970757695,6.97767605490317,7.80687553566328,10.1105928909618,17.8697300795268,6.57731154205652,7.49457192728511,9.15031644316299
"Inflation, consumer prices (annual %)",FP.CPI.TOTL.ZG,Zimbabwe,ZWE,..,..,3.03447888394065,3.47779729257469,3.72108721983356,1.63162201890278,-0.212939904613785,-2.40949998777139,-1.56641296667559,0.909733289628101,..,..
"Inflation, consumer prices (annual %)",FP.CPI.TOTL.ZG,Arab World,ARB,8.45146240803884,1.85379035325276,3.91106195534027,4.75316388885632,4.61184432206646,3.23810833914066,2.77288525741935,1.81407723937757,2.06884036053476,1.96682557818839,2.45814158007533,1.33601568147653
"Inflation, consumer prices (annual %)",FP.CPI.TOTL.ZG,Caribbean small states,CSS,4.46843787437325,2.30881560835478,3.40326723081753,4.21724265470787,2.98766229242981,1.28950196459005,1.42947239762543,-0.914068094075413,0.4889121436193,1.89252027849556,1.28284288443518,..
"Inflation, consumer prices (annual %)",FP.CPI.TOTL.ZG,Central Europe and the Baltics,CEB,..,8.91174418658764,1.80117022137136,4.13027562645087,3.33492267693443,1.43829787234043,0.0538213132400467,-0.464499004645002,-0.0549995416704911,2.07593553673862,2.53445424186602,2.66456133425443
"Inflation, consumer prices (annual %)",FP.CPI.TOTL.ZG,Early-demographic dividend,EAR,13.092289912498,3.99328047147235,4.15672722680176,5.82621608838853,5.01804155429241,4.82778705505172,4.12924306873775,3.09551722027242,3.37153003512097,3.46318594462519,4.0611633875107,3.03058664969491
"Inflation, consumer prices (annual %)",FP.CPI.TOTL.ZG,East Asia & Pacific,EAS,7.81919144730541,1.59196917460971,3.05725467001586,5.08259403890365,3.01489950334986,2.58268766141797,2.51087633253703,0.789517890139427,1.26534487289155,1.85078767452532,2.43284117609852,1.7731018246027
"Inflation, consumer prices (annual %)",FP.CPI.TOTL.ZG,East Asia & Pacific (excluding high income),EAP,8.19137132040974,2.15851810619416,3.68901229670766,5.3560477898215,3.02696391124798,2.91354193604,3.14299050879107,1.22127006080706,1.79845746339256,2.98772546807063,3.32991063268075,2.77917193419177
"Inflation, consumer prices (annual %)",FP.CPI.TOTL.ZG,East Asia & Pacific (IDA & IBRD countries),TEA,8.19137132040974,2.15851810619416,3.61196234430299,5.29573185230289,3.22516957263389,2.92807104794524,3.37040697371657,1.0851553522521,1.5969149267851,2.8909246921058,3.32991063268075,2.77917193419177
"Inflation, consumer prices (annual %)",FP.CPI.TOTL.ZG,Euro area,EMU,3.44831217961809,2.85303039287156,1.52551602118248,3.28944939564212,2.48567352860068,1.21999342274305,0.241047429826773,0.0375143805125363,0.183334861123848,1.3814587140721,1.70349794744475,1.4456670146976
"Inflation, consumer prices (annual %)",FP.CPI.TOTL.ZG,Europe & Central Asia,ECS,..,3.60445252349584,2.41890639481001,3.67124999999999,2.77089045296264,1.73361974251136,0.592255588590948,0.338705695410171,0.372761398893792,1.87510059552548,2.013220753867,1.78415097403832
"Inflation, consumer prices (annual %)",FP.CPI.TOTL.ZG,Europe & Central Asia (excluding high income),ECA,..,18.7007342838023,6.4195650906086,7.68725103356187,3.13531198259331,3.69143977044623,3.02506039656607,4.00650823690962,1.70517941153267,3.1753098637994,2.61121647230232,2.88986073718333
"Inflation, consumer prices (annual %)",FP.CPI.TOTL.ZG,Europe & Central Asia (IDA & IBRD countries),TEC,..,14.5084982064006,6.11698514424569,7.49321289587278,3.33492267693443,2.78500056726115,2.08244793880151,3.73169119261695,1.12231397417765,2.75564923821628,2.56572514615932,2.67599202639892
"Inflation, consumer prices (annual %)",FP.CPI.TOTL.ZG,European Union,EUU,6.14956531179854,3.15076707022592,1.53112270420924,3.28944939564212,2.66284165508017,1.21999342274305,0.199343826570849,-0.0616446800641176,0.183334861123848,1.42910743319297,1.73860861988181,1.63052260754338
"Inflation, consumer prices (annual %)",FP.CPI.TOTL.ZG,Fragile and conflict affected situations,FCS,..,3.3613753084271,3.41763267032383,5.06434815105284,5.98590497324009,2.60581802719518,1.85489850366776,1.45069057605958,2.26987014838906,2.27811530899216,2.96760366004454,..
"Inflation, consumer prices (annual %)",FP.CPI.TOTL.ZG,Heavily indebted poor countries (HIPC),HPC,9.39332669932348,4.60822998872598,4.337721767272,6.5958381919355,6.3779786562465,5.03230670237389,3.53436856147326,4.02849518915022,4.77932912407703,5.31871605228926,3.49445848856181,2.61695422622837
"Inflation, consumer prices (annual %)",FP.CPI.TOTL.ZG,High income,HIC,5.40395398235057,2.63474462021185,1.96188468334624,3.3759501766382,2.71056385530957,1.49150356847077,1.05475304431366,0.319695856818156,0.443258965728606,1.54754228750949,1.85081508315494,1.61519988737214
"Inflation, consumer prices (annual %)",FP.CPI.TOTL.ZG,IBRD only,IBD,16.6525343885433,4.78305679817324,4.0635389730329,5.78925328815882,4.50530385287206,4.00593613559589,3.58922016616669,3.12900274473924,2.3514509670685,3.31608762172158,3.2160538314458,2.78434405157788
"Inflation, consumer prices (annual %)",FP.CPI.TOTL.ZG,IDA & IBRD total,IBT,11.6347569955818,4.36666451291681,3.98001615167002,5.81831028328076,5.00686319367281,4.34115489804308,3.52642337171172,3.14341696227423,2.81833288054798,3.34757834757835,3.20720012353492,2.78110631182942
"Inflation, consumer prices (annual %)",FP.CPI.TOTL.ZG,IDA blend,IDB,7.15888095230384,1.70450415578976,3.34342657561739,3.95931565143222,3.94936154542936,2.48194455802871,0.85569495906885,0.963840726246157,1.26229016380231,0.909095772751156,2.32414485367923,..
"Inflation, consumer prices (annual %)",FP.CPI.TOTL.ZG,IDA only,IDX,10.8173784977909,4.16540442290282,4.39741383150069,6.76227957314765,5.91200602491156,4.95618043619119,4.12924306873775,3.55075967356746,3.52317317628476,4.44769937376293,3.47796666914963,2.82510028101748
"Inflation, consumer prices (annual %)",FP.CPI.TOTL.ZG,IDA total,IDA,8.48864649650695,3.89952980284715,3.96138889115389,6.33279483849046,5.32312847064058,4.81507152137757,3.51847818195019,3.15783117980921,3.19056179723775,3.62709610696609,3.04891482875157,2.78110631182942
"Inflation, consumer prices (annual %)",FP.CPI.TOTL.ZG,Late-demographic dividend,LTE,7.60609957743892,4.06396201382596,3.25657959078624,4.34351651067214,3.31605566687646,2.68229684085038,2.08244793880151,1.54869158222488,1.10920805807029,2.17727572689266,2.47446347118433,2.38424729305786
"Inflation, consumer prices (annual %)",FP.CPI.TOTL.ZG,Latin America & Caribbean,LCN,21.7399443397527,4.68602735802923,3.52283303593325,5.04243426485765,3.89849587880644,2.60625263628479,3.40088721206221,1.67885689361056,1.68932728878056,2.31224900002205,2.43488981353058,2.7570972756279
"Inflation, consumer prices (annual %)",FP.CPI.TOTL.ZG,Latin America & Caribbean (excluding high income),LAC,23.3225664366467,7.06991352252514,4.00811816256673,5.67152384874355,4.14457284086405,3.30655360342411,3.47832239076811,3.14341696227423,2.77316004021472,3.27955694678548,3.24023413752975,3.14129500590871
"Inflation, consumer prices (annual %)",FP.CPI.TOTL.ZG,Latin America & the Caribbean (IDA & IBRD countries),TLA,22.6413707765775,5.9775773473714,3.79644333768707,5.48204448126235,4.14457284086405,3.30655360342411,3.47832239076811,3.14341696227423,2.77316004021472,2.80283916977831,2.32414485367923,2.7570972756279
"Inflation, consumer prices (annual %)",FP.CPI.TOTL.ZG,Least developed countries: UN classification,LDC,9.3687963092409,4.01099373013836,4.82734190074673,7.34270706018,6.44121280934118,5.51827136955831,4.26729770529533,3.96394316211203,5.44575878373994,5.14733377891378,3.49445848856181,3.32103383217562
"Inflation, consumer prices (annual %)",FP.CPI.TOTL.ZG,Low & middle income,LMY,11.5155515577687,4.36666451291681,4.0635389730329,6.21412393067094,5.01411464281852,4.76502404779137,3.58922016616669,3.16909796750824,3.04541464017088,3.61478676022776,3.23912486350342,2.832458962364
"Inflation, consumer prices (annual %)",FP.CPI.TOTL.ZG,Low income,LIC,11.7844838321357,3.89952980284715,4.82734190074673,8.48816751849397,6.8317870341854,5.26395891150391,3.92175947071947,5.62962420454747,6.33634682764669,8.75229358352529,4.27462198610544,2.86909425020554
"Inflation, consumer prices (annual %)",FP.CPI.TOTL.ZG,Lower middle income,LMC,10.3267528931245,4.01099373013836,4.50923691774371,6.42939681072336,5.19618615531848,5.31623531326693,5.02104236555131,3.22807410992506,3.21988689395718,3.62709610696609,3.53962805942641,3.32281393731291
"Inflation, consumer prices (annual %)",FP.CPI.TOTL.ZG,Middle East & North Africa,MEA,8.0395686728391,1.81294613887087,3.74915727597098,4.52421150505276,3.73120950756887,2.96400499850736,2.34626865671643,1.4947592857837,1.85207575190269,1.49225218179844,1.99888595049853,1.09184802655847
"Inflation, consumer prices (annual %)",FP.CPI.TOTL.ZG,Middle East & North Africa (excluding high income),MNA,12.3217999847811,2.68380535348548,3.95007875923886,4.97148571692381,6.08909641595044,4.03762933648119,2.89947905006047,1.4947592857837,2.18686161532911,3.82262332939647,4.36615064471281,2.47857885221637
"Inflation, consumer prices (annual %)",FP.CPI.TOTL.ZG,Middle East & North Africa (IDA & IBRD countries),TMN,12.3217999847811,2.28921996056006,3.9667790888986,5.02009983235182,6.33528544639364,4.82101956297391,2.90820298536752,1.55790711346269,2.73841208738761,4.32135218303198,4.46231108475485,3.0053894939038
"Inflation, consumer prices (annual %)",FP.CPI.TOTL.ZG,Middle income,MIC,11.3963461199557,4.4874472508214,3.98985474905016,5.62010832740144,4.51560291399368,4.34337131279513,3.58922016616669,2.7206406496403,2.66824816969085,3.31608762172158,3.19834641562404,2.79582367452246
"Inflation, consumer prices (annual %)",FP.CPI.TOTL.ZG,North America,NAC,5.08921668663313,3.04814861420954,1.70845749165809,3.03448832867281,1.7925077482529,1.20156227672118,1.76442944229347,0.621934248247613,1.34517137635809,1.86349706609467,2.35540448470459,1.88073954968806
"Inflation, consumer prices (annual %)",FP.CPI.TOTL.ZG,Not classified,INX,..,..,..,..,..,..,..,..,..,..,..,..
"Inflation, consumer prices (annual %)",FP.CPI.TOTL.ZG,OECD members,OED,6.58921718130019,3.04210080667796,1.80117022137136,3.34121694259299,2.48567352860068,1.43829787234043,0.620490636732377,0.309364548494974,0.49174862477081,1.85078767452532,1.91140094445692,1.73810460086511
"Inflation, consumer prices (annual %)",FP.CPI.TOTL.ZG,Other small states,OSS,10,4.14165764702056,2.97204512015696,4.79588266183113,3.93339987296979,3.22197756829285,2.3454531400858,1.63305558181333,1.55443338738377,2.51608091098517,2.68291768267388,2.04168545613572
"Inflation, consumer prices (annual %)",FP.CPI.TOTL.ZG,Pacific island small states,PSS,..,2.34810327420261,2.10244243416259,5.15900497684396,2.7361970346157,1.60563054554334,1.45142452367367,0.648242939254553,0.842069084035039,1.74989677484723,..,..
"Inflation, consumer prices (annual %)",FP.CPI.TOTL.ZG,Post-demographic dividend,PST,6.09844414810207,2.57987611218612,1.99621236745889,3.3298640617472,2.48567352860068,1.40854629241729,0.906797948515676,0.368046842325369,0.607397074641661,1.73079959118897,1.73860861988181,1.61963190184049
"Inflation, consumer prices (annual %)",FP.CPI.TOTL.ZG,Pre-demographic dividend,PRE,6.80119760762573,4.16540442290282,3.9689708879678,6.60879562758391,6.50855625845906,4.44648435335714,3.07467760632835,3.39423137842914,4.77932912407703,5.31871605228926,3.00825924439805,2.37758732789789
"Inflation, consumer prices (annual %)",FP.CPI.TOTL.ZG,Small states,SST,7.95834660441091,3.55541319666879,3.25034409180123,4.80538922155687,3.6566204827882,1.9234360410831,1.90705901814531,0.94904064369715,0.977675134719017,1.90465615515582,2.47109013398551,2.18224510202769
"Inflation, consumer prices (annual %)",FP.CPI.TOTL.ZG,South Asia,SAS,9.01168202776513,4.01021482029513,8.12667639169919,9.22707546125953,9.31244560487382,7.53040640913171,6.99163889220854,4.54814395082202,4.17139021053493,4.52022867508867,3.39256362467393,4.54853953008367
"Inflation, consumer prices (annual %)",FP.CPI.TOTL.ZG,South Asia (IDA & IBRD),TSA,9.01168202776513,4.01021482029513,8.12667639169919,9.22707546125953,9.31244560487382,7.53040640913171,6.99163889220854,4.54814395082202,4.17139021053493,4.52022867508867,3.39256362467393,4.54853953008367
"Inflation, consumer prices (annual %)",FP.CPI.TOTL.ZG,Sub-Saharan Africa,SSF,9.18941383733059,4.80228886901399,3.96138889115389,5.68631959575963,6.58835961632254,4.86511899496377,4.35612587696273,3.55075967356746,5.44575878373994,5.47982398737052,4.09297819300638,2.77698537023136
"Inflation, consumer prices (annual %)",FP.CPI.TOTL.ZG,Sub-Saharan Africa (excluding high income),SSA,9.18941383733059,4.80228886901399,3.9765528847817,5.68631959575963,6.58835961632254,4.90271441893287,4.40380271714362,3.55075967356746,5.55768961400965,5.66801035412302,4.28159848731501,2.82510028101748
"Inflation, consumer prices (annual %)",FP.CPI.TOTL.ZG,Sub-Saharan Africa (IDA & IBRD countries),TSS,9.18941383733059,4.80228886901399,3.96138889115389,5.68631959575963,6.58835961632254,4.86511899496377,4.35612587696273,3.55075967356746,5.44575878373994,5.47982398737052,4.09297819300638,2.77698537023136
"Inflation, consumer prices (annual %)",FP.CPI.TOTL.ZG,Upper middle income,UMC,14.3209758334304,5.33895158255483,3.85950909833169,5.23541591478427,3.73817850223436,2.7533881721824,3.06881210379542,1.89617402592348,2.04528329762874,3.27955694678548,2.71355655990175,2.71654465101341
"Inflation, consumer prices (annual %)",FP.CPI.TOTL.ZG,World,WLD,8.2397003745321,3.55541319666879,3.2851446110742,4.8394034987095,3.70781833875272,2.60581802719518,2.34626865671643,1.3933302878031,1.48600676958638,2.2335223410757,2.45814158007533,2.30123256817391
,,,,,,,,,,,,,,,
,,,,,,,,,,,,,,,
,,,,,,,,,,,,,,,
Data from database: World Development Indicators,,,,,,,,,,,,,,,
Last Updated: 08/14/2020,,,,,,,,,,,,,,,
