﻿Code,License Type,Indicator Name,Long definition,Source,Topic,Periodicity,Aggregation method,Statistical concept and methodology,Development relevance,Limitations and exceptions,General comments,Other notes,License URL
SE.PRM.ENRR,CC BY-4.0,"School enrollment, primary (% gross)","Gross enrollment ratio is the ratio of total enrollment, regardless of age, to the population of the age group that officially corresponds to the level of education shown. Primary education provides children with basic reading, writing, and mathematics skills along with an elementary understanding of such subjects as history, geography, natural science, social science, art, and music.",UNESCO Institute for Statistics (http://uis.unesco.org/),Education: Participation,Annual,Weighted average,"Gross enrollment ratio for primary school is calculated by dividing the number of students enrolled in primary education regardless of age by the population of the age group which officially corresponds to primary education, and multiplying by 100. 

Data on education are collected by the UNESCO Institute for Statistics from official responses to its annual education survey. All the data are mapped to the International Standard Classification of Education (ISCED) to ensure the comparability of education programs at the international level. The current version was formally adopted by UNESCO Member States in 2011. Population data are drawn from the United Nations Population Division. Using a single source for population data standardizes definitions, estimations, and interpolation methods, ensuring a consistent methodology across countries and minimizing potential enumeration problems in national censuses.

The reference years reflect the school year for which the data are presented. In some countries the school year spans two calendar years (for example, from September 2010 to June 2011); in these cases the reference year refers to the year in which the school year ended (2011 in the example).","Gross enrollment ratios indicate the capacity of each level of the education system, but a high ratio may reflect a substantial number of overage children enrolled in each grade because of repetition or late entry rather than a successful education system. The net enrollment rate excludes overage and underage students and more accurately captures the system's coverage and internal efficiency. Differences between the gross enrollment ratio and the net enrollment rate show the incidence of overage and underage enrollments.","Enrollment indicators are based on annual school surveys, but do not necessarily reflect actual attendance or dropout rates during the year. Also, the length of education differs across countries and can influence enrollment rates, although the International Standard Classification of Education (ISCED) tries to minimize the difference. For example, a shorter duration for primary education tends to increase the rate; a longer one to decrease it (in part because older children are more at risk of dropping out). Moreover, age at enrollment may be inaccurately estimated or misstated, especially in communities where registration of births is not strictly enforced.","For aggregate data, each economy is classified based on the classification of World Bank Group's fiscal year 2020 (July 1, 2019-June 30, 2020)","Data retrieved via API in March 2019. For detailed information on the observation level (e.g. National Estimation, UIS Estimation, or Category not applicable), please visit UIS.Stat (http://data.uis.unesco.org/).",https://datacatalog.worldbank.org/public-licenses#cc-by
